RANK	SEED_MOTIF	CLUSTER	SOURCE	ID	ALT_ID	CONSENSUS	WIDTH	SITES	SEA_PVALUE	EVALUE	EVALUE_ACC	SIM_SOURCE	SIM_MOTIF	MOTIF_URL
1	1	1	db/motif_databases/PROTEIN/prosite2021_04.meme	PS01032	PPM_1	VAGVFDGHG	9	199	1.73e-060	1.87e-057	1	db/motif_databases/PROTEIN/prosite2021_04.meme	PS01032	https://prosite.expasy.org/PS01032
2	1	2	STREME	13-VIGGSPCNDLSIVNPARKGLYEGTGRLFFE	STREME-13	13-VIGGSPCNDLSIVNPARKGLYEGTGRLFFE	30	221	3.48e-060	2.33e-011	1	db/motif_databases/PROTEIN/prosite2021_04.meme	PS00094 (C5_MTASE_1)	https://prosite.expasy.org/PS00094
2	1	3	STREME	3-EVSAAHRARYFWGNLPGMNRPLASTVNDRL	STREME-3	EVSAAHRARYFWGNLPGMNRPLASTVNDRL	30	221	3.48e-060	2.33e-011	1	db/motif_databases/PROTEIN/prosite2021_04.meme	PS01160 (KINESIN_LIGHT)	https://prosite.expasy.org/PS01160
3	0	2	db/motif_databases/PROTEIN/prosite2021_04.meme	PS00094	C5_MTASE_1	EXVXXGXPCXXLS	13	196	1.38e-059	1.49e-056	1	db/motif_databases/PROTEIN/prosite2021_04.meme	PS00094	https://prosite.expasy.org/PS00094
4	0	2	MEME	KGLYEGTGRLFFEFYRLLHEARPKEGDDRP	MEME-15	KGLYEGTGRLFFEFYRLLHEARPKEGDDRP	30	221	5.53e-059	1.60e-3155	1	db/motif_databases/PROTEIN/prosite2021_04.meme	PS00029 (LEUCINE_ZIPPER)	https://prosite.expasy.org/PS00029
4	0	3	MEME	ASTVNDKLEL	MEME-41	ASTVNDKLEL	10	38	5.53e-059	2.30e-085	1	db/motif_databases/PROTEIN/prosite2021_04.meme	PS00896 (LACY_1)	https://prosite.expasy.org/PS00896
4	1	4	STREME	7-LEHPLFVGGMCQ	STREME-7	LEHPLFVGGMCQ	12	221	5.53e-059	2.33e-011	1	db/motif_databases/PROTEIN/prosite2021_04.meme	PS00076 (PYRIDINE_REDOX_1)	https://prosite.expasy.org/PS00076
5	0	3	MEME	DAKEVSAAHRARYFWGNLPGMNRPLASTVN	MEME-14	DAKEVSAAHRARYFWGNLPGMNRPLASTVN	30	221	1.11e-058	2.70e-3188	1	MEME	DAKEVSAAHRARYFWGNLPGMNRPLASTVN	 
6	1	5	MEME	YQYDDDGYQSYCTICCGGREVLMCGNNNCC	MEME-1	YQYDDDGYQSYCTICCGGREVLMCGNNNCC	30	221	2.21e-058	2.00e-3780	1	db/motif_databases/PROTEIN/prosite2021_04.meme	PS00212 (ALBUMIN_1)	https://prosite.expasy.org/PS00212
6	1	6	MEME	QRPMPRLTFQAGDPYYISKRKRDEWLARWK	MEME-13	QRPMPRLTFQAGDPYYISKRKRDEWLARWK	30	215	2.21e-058	3.00e-3272	1	db/motif_databases/PROTEIN/prosite2021_04.meme	PS00061 (ADH_SHORT)	https://prosite.expasy.org/PS00061
7	0	5	STREME	11-REVLMCGNNNCCRCFCVECVDLLVGPGAAQ	STREME-11	11-REVLMCGNNNCCRCFCVECVDLLVGPGAAQ	30	221	4.41e-058	2.33e-011	1	db/motif_databases/PROTEIN/prosite2021_04.meme	PS00271 (THIONIN)	https://prosite.expasy.org/PS00271
7	1	7	STREME	16-GFGIGELVWGKLRGFSWWPGRIVSWGMTGR	STREME-16	16-GFGIGELVWGKLRGFSWWPGRIVSWGMTGR	30	220	4.41e-058	2.33e-011	1	STREME	16-GFGIGELVWGKLRGFSWWPGRIVSWGMTGR	 
7	1	8	STREME	21-VSNMSRLARQRLLGRSWSVPVIRHLFAPLK	STREME-21	21-VSNMSRLARQRLLGRSWSVPVIRHLFAPLK	30	220	4.41e-058	2.33e-011	1	STREME	21-VSNMSRLARQRLLGRSWSVPVIRHLFAPLK	 
8	1	9	STREME	1-AAIKEDPWNCYMC	STREME-1	AAIKEDPWNCYMC	13	221	8.74e-058	2.33e-011	1	db/motif_databases/PROTEIN/prosite2021_04.meme	PS00202 (RUBREDOXIN)	https://prosite.expasy.org/PS00202
8	0	7	STREME	31-EGSRGRLRGG	STREME-31	31-EGSRGRLRGG	10	213	8.74e-058	2.33e-011	1	STREME	31-EGSRGRLRGG	 
9	0	9	MEME	CFCVECVDLLVGPGAAQAAIKEDPWNCYMC	MEME-3	CFCVECVDLLVGPGAAQAAIKEDPWNCYMC	30	221	1.76e-057	4.70e-3543	1	db/motif_databases/PROTEIN/prosite2021_04.meme	PS00202 (RUBREDOXIN)	https://prosite.expasy.org/PS00202
10	0	1	db/motif_databases/PROTEIN/prosite2021_04.meme	PS00518	ZF_RING_1	CXHXVCXXCA	10	195	2.71e-057	2.92e-054	1	db/motif_databases/PROTEIN/prosite2021_04.meme	PS00518	https://prosite.expasy.org/PS00518
11	1	10	MEME	KTGNCFLECA	MEME-47	KTGNCFLECA	10	12	3.48e-057	2.50e-037	1	db/motif_databases/PROTEIN/prosite2021_04.meme	PS00127 (RNASE_PANCREATIC)	https://prosite.expasy.org/PS00127
12	1	11	STREME	32-ENGCCTPKDGRDA	STREME-32	32-ENGCCTPKDGRDA	13	212	6.96e-057	2.33e-011	1	db/motif_databases/PROTEIN/prosite2021_04.meme	PS00572 (GLYCOSYL_HYDROL_F1_1)	https://prosite.expasy.org/PS00572
13	1	12	STREME	24-KQMIEWALGG	STREME-24	24-KQMIEWALGG	10	217	1.39e-056	2.33e-011	1	db/motif_databases/PROTEIN/prosite2021_04.meme	PS00257 (BOMBESIN)	https://prosite.expasy.org/PS00257
14	0	7	MEME	FSWWPGRIVSWWMTGRSRAAEGTRWVMWFG	MEME-4	FSWWPGRIVSWWMTGRSRAAEGTRWVMWFG	30	219	2.79e-056	5.80e-3567	1	db/motif_databases/PROTEIN/prosite2021_04.meme	PS01029 (DEHYDROQUINASE_II)	https://prosite.expasy.org/PS01029
14	1	13	STREME	19-SRAAEGTRWVMWFGDGKFSVVCVEKLMPLS	STREME-19	19-SRAAEGTRWVMWFGDGKFSVVCVEKLMPLS	30	220	2.79e-056	2.33e-011	1	db/motif_databases/PROTEIN/prosite2021_04.meme	PS00700 (RIBOSOMAL_L6_2)	https://prosite.expasy.org/PS00700
14	1	14	STREME	20-VRHQGKIMYVGDVRNVTRKHLLEWGPFDL	STREME-20	20-VRHQGKIMYVGDVRNVTRKHLLEWGPFDL	29	220	2.79e-056	2.33e-011	1	STREME	20-VRHQGKIMYVGDVRNVTRKHLLEWGPFDL	 
14	1	15	STREME	26-PEEERNPYKEVYTEMWVEPEAAA	STREME-26	26-PEEERNPYKEVYTEMWVEPEAAA	23	216	2.79e-056	2.33e-011	1	db/motif_databases/PROTEIN/prosite2021_04.meme	PS00605 (ATPASE_C)	https://prosite.expasy.org/PS00605
15	1	16	STREME	2-CLEHGRTAKFNKV	STREME-2	CLEHGRTAKFNKV	13	221	5.54e-056	2.33e-011	1	db/motif_databases/PROTEIN/prosite2021_04.meme	PS00576 (GRAM_NEG_PORIN)	https://prosite.expasy.org/PS00576
16	1	17	MEME	KHPPVESSDTPKDPAVVPKCPPPAQD	MEME-24	KHPPVESSDTPKDPAVVPKCPPPAQD	26	213	1.11e-055	1.10e-1541	1	db/motif_databases/PROTEIN/prosite2021_04.meme	PS00061 (ADH_SHORT)	https://prosite.expasy.org/PS00061
16	0	13	MEME	DGKFSVVCVEKLMP	MEME-27	DGKFSVVCVEKLMP	14	212	1.11e-055	1.40e-1296	1	db/motif_databases/PROTEIN/prosite2021_04.meme	PS00604 (SYNAPTOP)	https://prosite.expasy.org/PS00604
16	1	18	MEME	GTPARKVGRPGRKR	MEME-28	GTPARKVGRPGRKR	14	201	1.11e-055	3.90e-847	1	MEME	GTPARKVGRPGRKR	 
16	1	19	MEME	EQGSRGRLRGGLGWESSLR	MEME-43	EQGSRGRLRGGLGWESSLR	19	18	1.11e-055	9.40e-068	1	db/motif_databases/PROTEIN/prosite2021_04.meme	PS00159 (ALDOLASE_KDPG_KHG_1)	https://prosite.expasy.org/PS00159
16	1	20	STREME	18-RTITTRSNSIKQGKDQ	STREME-18	18-RTITTRSNSIKQGKDQ	16	220	1.11e-055	2.33e-011	1	STREME	18-RTITTRSNSIKQGKDQ	 
17	0	6	STREME	23-GWESSLRQRPMQRITFQAG	STREME-23	23-GWESSLRQRPMQRITFQAG	19	217	2.21e-055	2.33e-011	1	db/motif_databases/PROTEIN/prosite2021_04.meme	PS00507 (NI_HGENASE_L_1)	https://prosite.expasy.org/PS00507
18	0	8	MEME	NMSRLARQRLLGRSWSVPVIRHLFAPLKEY	MEME-8	NMSRLARQRLLGRSWSVPVIRHLFAPLKEY	30	220	4.43e-055	3.40e-3413	1	MEME	NMSRLARQRLLGRSWSVPVIRHLFAPLKEY	 
18	1	21	STREME	34-PSELLPNGDLEK	STREME-34	34-PSELLPNGDLEK	12	208	4.43e-055	2.33e-011	1	db/motif_databases/PROTEIN/prosite2021_04.meme	PS01101 (CK2_BETA)	https://prosite.expasy.org/PS01101
19	0	1	db/motif_databases/PROTEIN/prosite2021_04.meme	PS00134	TRYPSIN_HIS	VSAGHC	6	198	5.81e-055	6.28e-052	1	db/motif_databases/PROTEIN/prosite2021_04.meme	PS00134	https://prosite.expasy.org/PS00134
20	1	22	MEME	REAEKKAKVIAVMNAVEEN	MEME-25	REAEKKAKVIAVMNAVEEN	19	208	8.82e-055	1.90e-1495	1	db/motif_databases/PROTEIN/prosite2021_04.meme	PS00568 (MYELIN_P0)	https://prosite.expasy.org/PS00568
21	0	4	MEME	DICISCGSLNVTLEHPLFIGGMCQNCKNCF	MEME-7	DICISCGSLNVTLEHPLFIGGMCQNCKNCF	30	221	1.77e-054	2.40e-3485	1	db/motif_databases/PROTEIN/prosite2021_04.meme	PS00198 (4FE4S_FER_1)	https://prosite.expasy.org/PS00198
21	0	12	MEME	NKQMIEWALGGFQPSGPKGLEPPEEERNPY	MEME-18	NKQMIEWALGGFQPSGPKGLEPPEEERNPY	30	219	1.77e-054	7.50e-3111	1	db/motif_databases/PROTEIN/prosite2021_04.meme	PS01273 (COA_TRANSF_1)	https://prosite.expasy.org/PS01273
21	0	18	MEME	TNIESLKMEGSRGRLRG	MEME-23	TNIESLKMEGSRGRLRG	17	199	1.77e-054	4.30e-1365	1	db/motif_databases/PROTEIN/prosite2021_04.meme	PS00697 (DNA_LIGASE_A1)	https://prosite.expasy.org/PS00697
21	1	23	MEME	PPAKKPRKST	MEME-48	PPAKKPRKST	10	19	1.77e-054	1.90e-017	1	db/motif_databases/PROTEIN/prosite2021_04.meme	PS00322 (HISTONE_H3_1)	https://prosite.expasy.org/PS00322
21	1	24	STREME	30-ESDTSKAVEIQ	STREME-30	30-ESDTSKAVEIQ	11	215	1.77e-054	2.33e-011	1	STREME	30-ESDTSKAVEIQ	 
21	0	18	STREME	36-VGRPGRKRKHPPV	STREME-36	36-VGRPGRKRKHPPV	13	208	1.77e-054	5.36e-010	1	STREME	36-VGRPGRKRKHPPV	 
22	1	25	STREME	10-QEFDPPKVYPPVPAEKRKPIRVLSLFDGIA	STREME-10	10-QEFDPPKVYPPVPAEKRKPIRVLSLFDGIA	30	221	7.05e-054	2.33e-011	1	STREME	10-QEFDPPKVYPPVPAEKRKPIRVLSLFDGIA	 
22	1	26	STREME	28-ASQQPTDPASPSVATTPEP	STREME-28	28-ASQQPTDPASPSVATTPEP	19	215	7.05e-054	2.33e-011	1	STREME	28-ASQQPTDPASPSVATTPEP	 
23	0	6	STREME	29-DPYYISKRKRDEWLARWKKEAEKKQQLVAV	STREME-29	29-DPYYISKRKRDEWLARWKKEAEKKQQLVAV	30	215	1.41e-053	2.33e-011	1	db/motif_databases/PROTEIN/prosite2021_04.meme	PS00513 (ADENYLOSUCCIN_SYN_2)	https://prosite.expasy.org/PS00513
23	0	5	STREME	8-NCKNCFLECAYQYDDDGYQSYCTICCGG	STREME-8	NCKNCFLECAYQYDDDGYQSYCTICCGG	28	221	1.41e-053	2.33e-011	1	db/motif_databases/PROTEIN/prosite2021_04.meme	PS00198 (4FE4S_FER_1)	https://prosite.expasy.org/PS00198
23	0	1	db/motif_databases/PROTEIN/prosite2021_04.meme	PS00198	4FE4S_FER_1	CXXCXXCXXXCE	12	176	1.41e-053	1.52e-050	1	db/motif_databases/PROTEIN/prosite2021_04.meme	PS00198	https://prosite.expasy.org/PS00198
24	1	27	STREME	27-TEKPKVKEIIDERTRERLVYEVRQKCR	STREME-27	27-TEKPKVKEIIDERTRERLVYEVRQKCR	27	216	2.79e-053	2.33e-011	1	db/motif_databases/PROTEIN/prosite2021_04.meme	PS00278 (STAPH_STREP_TOXIN_2)	https://prosite.expasy.org/PS00278
24	1	28	STREME	35-NVVEEQGSGEPQKEEEASP	STREME-35	35-NVVEEQGSGEPQKEEEASP	19	200	2.79e-053	2.33e-011	1	db/motif_databases/PROTEIN/prosite2021_04.meme	PS00304 (SASP_1)	https://prosite.expasy.org/PS00304
24	1	29	STREME	5-FQPSGPKGLEP	STREME-5	FQPSGPKGLEP	11	221	2.79e-053	2.33e-011	1	db/motif_databases/PROTEIN/prosite2021_04.meme	PS00715 (SIGMA70_1)	https://prosite.expasy.org/PS00715
25	0	25	MEME	YPPVPAEKRKPIRVLSLFDGIATGLLVLKD	MEME-17	YPPVPAEKRKPIRVLSLFDGIATGLLVLKD	30	221	5.61e-053	3.00e-3119	1	MEME	YPPVPAEKRKPIRVLSLFDGIATGLLVLKD	 
25	0	7	STREME	15-YGLLRRREDWPSRLQM	STREME-15	15-YGLLRRREDWPSRLQM	16	221	5.61e-053	2.33e-011	1	db/motif_databases/PROTEIN/prosite2021_04.meme	PS01088 (CAP_1)	https://prosite.expasy.org/PS01088
26	0	2	MEME	TQKHIQEWGPFDLVIGGSPCNDLSIVNPAR	MEME-12	TQKHIQEWGPFDLVIGGSPCNDLSIVNPAR	30	220	1.12e-052	3.00e-3373	1	db/motif_databases/PROTEIN/prosite2021_04.meme	PS00094 (C5_MTASE_1)	https://prosite.expasy.org/PS00094
27	0	7	MEME	KNASKSADDEPEYEDGRGFGIGELVWGKLR	MEME-19	KNASKSADDEPEYEDGRGFGIGELVWGKLR	30	216	2.24e-052	6.20e-2883	1	db/motif_databases/PROTEIN/prosite2021_04.meme	PS01104 (RIBOSOMAL_L13E)	https://prosite.expasy.org/PS01104
27	0	26	MEME	QKEEEASPPASQQPTDPASPTVATTPEPVG	MEME-20	QKEEEASPPASQQPTDPASPTVATTPEPVG	30	212	2.24e-052	4.70e-2608	1	db/motif_databases/PROTEIN/prosite2021_04.meme	PS00874 (T2SP_F)	https://prosite.expasy.org/PS00874
27	1	30	STREME	6-FYRLLHEARPKEGDDRPFF	STREME-6	FYRLLHEARPKEGDDRPFF	19	221	2.24e-052	2.33e-011	1	STREME	6-FYRLLHEARPKEGDDRPFF	 
28	1	31	STREME	12-TGLLVLKDLGIQVDRYIASEVCEDSITVGM	STREME-12	12-TGLLVLKDLGIQVDRYIASEVCEDSITVGM	30	221	4.44e-052	2.33e-011	1	STREME	12-TGLLVLKDLGIQVDRYIASEVCEDSITVGM	 
28	0	23	STREME	22-APPPPAKKPRKS	STREME-22	22-APPPPAKKPRKS	12	217	4.44e-052	2.33e-011	1	db/motif_databases/PROTEIN/prosite2021_04.meme	PS00322 (HISTONE_H3_1)	https://prosite.expasy.org/PS00322
28	1	32	STREME	25-DDEPEYEDGR	STREME-25	25-DDEPEYEDGR	10	216	4.44e-052	2.33e-011	1	db/motif_databases/PROTEIN/prosite2021_04.meme	PS00806 (ALDOLASE_CLASS_II_2)	https://prosite.expasy.org/PS00806
28	1	33	STREME	9-NIEDICISCGS	STREME-9	NIEDICISCGS	11	221	4.44e-052	2.33e-011	1	db/motif_databases/PROTEIN/prosite2021_04.meme	PS00848 (COX5B_1)	https://prosite.expasy.org/PS00848
28	0	22	STREME	49-AEKKAKVIAVM	STREME-49	49-AEKKAKVIAVM	11	54	4.44e-052	2.64e+000	1	db/motif_databases/PROTEIN/prosite2021_04.meme	PS00568 (MYELIN_P0)	https://prosite.expasy.org/PS00568
29	0	19	MEME	HKGTYGLLRRREDWPSRLQMFFANNHDQEF	MEME-10	HKGTYGLLRRREDWPSRLQMFFANNHDQEF	30	218	1.78e-051	3.20e-3381	1	db/motif_databases/PROTEIN/prosite2021_04.meme	PS01088 (CAP_1)	https://prosite.expasy.org/PS01088
29	0	11	MEME	TDPEAGRALENGCCTPKDGRDA	MEME-26	TDPEAGRALENGCCTPKDGRDA	22	199	1.78e-051	1.10e-1355	1	db/motif_databases/PROTEIN/prosite2021_04.meme	PS00572 (GLYCOSYL_HYDROL_F1_1)	https://prosite.expasy.org/PS00572
30	1	34	MEME	QHFPVFMNEKEDILWCTEMERVFGFPVHYT	MEME-2	QHFPVFMNEKEDILWCTEMERVFGFPVHYT	30	220	7.10e-051	7.50e-3674	1	db/motif_databases/PROTEIN/prosite2021_04.meme	PS00046 (HISTONE_H2A)	https://prosite.expasy.org/PS00046
30	1	35	MEME	FFWLFENVVAMGVSDKRDISRFLESNPVMI	MEME-6	FFWLFENVVAMGVSDKRDISRFLESNPVMI	30	221	7.10e-051	6.50e-3490	1	MEME	FFWLFENVVAMGVSDKRDISRFLESNPVMI	 
30	0	35	STREME	14-WLFENVVAMGVSDKRDISRFLESNPVMIDA	STREME-14	14-WLFENVVAMGVSDKRDISRFLESNPVMIDA	30	221	7.10e-051	2.33e-011	1	STREME	14-WLFENVVAMGVSDKRDISRFLESNPVMIDA	 
30	0	34	STREME	17-HFPVFMNEKEDILWCTEMERVFGFPVHYTD	STREME-17	17-HFPVFMNEKEDILWCTEMERVFGFPVHYTD	30	220	7.10e-051	2.33e-011	1	STREME	17-HFPVFMNEKEDILWCTEMERVFGFPVHYTD	 
31	0	14	MEME	IQVDRYIASEVCEDSITVGMVRHQGKIMYV	MEME-5	IQVDRYIASEVCEDSITVGMVRHQGKIMYV	30	221	1.42e-050	8.80e-3500	1	db/motif_databases/PROTEIN/prosite2021_04.meme	PS01320 (UPF0067)	https://prosite.expasy.org/PS01320
31	0	27	MEME	TTEKPKVKEIIDERTRERLVYEVRQKCRNI	MEME-16	TTEKPKVKEIIDERTRERLVYEVRQKCRNI	30	216	1.42e-050	9.20e-3145	1	db/motif_databases/PROTEIN/prosite2021_04.meme	PS00278 (STAPH_STREP_TOXIN_2)	https://prosite.expasy.org/PS00278
32	1	36	STREME	4-FHQATYNKQPMYRKAIYEVLQVASSRAGK	STREME-4	FHQATYNKQPMYRKAIYEVLQVASSRAGK	29	221	2.83e-050	2.33e-011	1	db/motif_databases/PROTEIN/prosite2021_04.meme	PS00708 (PRO_ENDOPEP_SER)	https://prosite.expasy.org/PS00708
33	0	24	MEME	SSRAGKJFPACPENDESDTSKAVEIQ	MEME-21	SSRAGKJFPACPENDESDTSKAVEIQ	26	213	5.64e-050	2.20e-2266	1	db/motif_databases/PROTEIN/prosite2021_04.meme	PS00160 (ALDOLASE_KDPG_KHG_2)	https://prosite.expasy.org/PS00160
34	0	36	MEME	LSSFCSAFHQATYNKQPMYRKAIYEVLQVA	MEME-9	LSSFCSAFHQATYNKQPMYRKAIYEVLQVA	30	218	1.13e-049	2.00e-3393	1	MEME	LSSFCSAFHQATYNKQPMYRKAIYEVLQVA	 
34	0	15	MEME	KEVYTEMWVEPEAAAYAPP	MEME-22	KEVYTEMWVEPEAAAYAPP	19	213	1.13e-049	1.30e-1805	1	MEME	KEVYTEMWVEPEAAAYAPP	 
34	1	37	STREME	33-ADAGDKNASK	STREME-33	33-ADAGDKNASK	10	209	1.13e-049	2.33e-011	1	STREME	33-ADAGDKNASK	 
35	0	16	MEME	QECLEHGRIAKFSKVRTITTRSNSIKQGKD	MEME-11	QECLEHGRIAKFSKVRTITTRSNSIKQGKD	30	220	4.49e-049	1.80e-3367	1	MEME	QECLEHGRIAKFSKVRTITTRSNSIKQGKD	 
36	0	38	db/motif_databases/PROTEIN/prosite2021_04.meme	PS00008	MYRISTYL	GXXXGX	6	177	8.45e-049	9.13e-046	1	db/motif_databases/PROTEIN/prosite2021_04.meme	PS00008	https://prosite.expasy.org/PS00008
37	0	2	db/motif_databases/PROTEIN/prosite2021_04.meme	PS00217	SUGAR_TRANSPORT_2	VXGAXXGXXXXXXXXLXXZXXXXXXR	26	175	3.28e-048	3.54e-045	1	db/motif_databases/PROTEIN/prosite2021_04.meme	PS00217	https://prosite.expasy.org/PS00217
38	0	17	STREME	37-SSDTPKDPAVTPKCP	STREME-37	37-SSDTPKDPAVTPKCP	15	189	3.56e-048	5.36e-010	1	STREME	37-SSDTPKDPAVTPKCP	 
39	0	28	MEME	RKEEEEQEENRGKEERQEP	MEME-30	RKEEEEQEENRGKEERQEP	19	160	3.59e-045	4.50e-847	1	db/motif_databases/PROTEIN/prosite2021_04.meme	PS00400 (LBP_BPI_CETP)	https://prosite.expasy.org/PS00400
40	1	38	STREME	39-MPSSGPGDTSSSAP	STREME-39	39-MPSSGPGDTSSSAP	14	167	2.85e-044	5.36e-008	1	STREME	39-MPSSGPGDTSSSAP	 
41	1	39	STREME	41-AEEGKEQKET	STREME-41	41-AEEGKEQKET	10	118	8.75e-044	1.50e-003	1	db/motif_databases/PROTEIN/prosite2021_04.meme	PS00971 (TP2_2)	https://prosite.expasy.org/PS00971
42	0	18	STREME	38-SKEERQEPGTTARK	STREME-38	38-SKEERQEPGTTARK	14	187	1.14e-043	5.36e-010	1	db/motif_databases/PROTEIN/prosite2021_04.meme	PS00110 (PYRUVATE_KINASE)	https://prosite.expasy.org/PS00110
43	0	21	MEME	SGPSELLPNGDLEKRSEPQ	MEME-29	SGPSELLPNGDLEKRSEPQ	19	169	7.22e-042	2.50e-873	1	db/motif_databases/PROTEIN/prosite2021_04.meme	PS01101 (CK2_BETA)	https://prosite.expasy.org/PS01101
44	0	11	MEME	GSPAGGQKGGAPAEGEGAA	MEME-32	GSPAGGQKGGAPAEGEGAA	19	147	1.44e-041	6.10e-618	1	MEME	GSPAGGQKGGAPAEGEGAA	 
45	0	38	MEME	MPSSGPGDTSSSAPEREED	MEME-31	MPSSGPGDTSSSAPEREED	19	149	4.58e-040	7.70e-803	1	db/motif_databases/PROTEIN/prosite2021_04.meme	PS00564 (ARGININOSUCCIN_SYN_1)	https://prosite.expasy.org/PS00564
46	1	40	STREME	40-GQKGGAPAEGE	STREME-40	40-GQKGGAPAEGE	11	146	7.31e-036	3.48e-007	1	STREME	40-GQKGGAPAEGE	 
47	0	28	STREME	44-RSEPQPEEGSPA	STREME-44	44-RSEPQPEEGSPA	12	81	5.17e-034	3.44e-002	1	db/motif_databases/PROTEIN/prosite2021_04.meme	PS00336 (BETA_LACTAMASE_C)	https://prosite.expasy.org/PS00336
48	0	15	MEME	PAEEGKEQKE	MEME-34	PAEEGKEQKE	10	112	1.32e-032	5.40e-231	1	db/motif_databases/PROTEIN/prosite2021_04.meme	PS00971 (TP2_2)	https://prosite.expasy.org/PS00971
49	1	41	STREME	42-LPDGETGRAL	STREME-42	42-LPDGETGRAL	10	85	3.00e-023	1.28e-002	1	db/motif_databases/PROTEIN/prosite2021_04.meme	PS00843 (DALA_DALA_LIGASE_1)	https://prosite.expasy.org/PS00843
50	1	42	MEME	PSDPQKKRGRRKLLEAAEK	MEME-33	PSDPQKKRGRRKLLEAAEK	19	84	1.20e-022	3.80e-381	1	db/motif_databases/PROTEIN/prosite2021_04.meme	PS00697 (DNA_LIGASE_A1)	https://prosite.expasy.org/PS00697
51	0	17	STREME	46-REALDTHKGEE	STREME-46	46-REALDTHKGEE	11	79	9.52e-022	3.44e-002	1	db/motif_databases/PROTEIN/prosite2021_04.meme	PS00703 (OKR_DC_1)	https://prosite.expasy.org/PS00703
52	0	28	STREME	43-DRKEGEEQEEAR	STREME-43	43-DRKEGEEQEEAR	12	82	7.58e-021	3.44e-002	1	db/motif_databases/PROTEIN/prosite2021_04.meme	PS00986 (SPERMADHESIN_2)	https://prosite.expasy.org/PS00986
53	0	13	db/motif_databases/PROTEIN/prosite2021_04.meme	PS00012	PHOSPHOPANTETHEINE	XAGGESSXXAXAGXXA	16	69	6.74e-020	7.28e-017	1	db/motif_databases/PROTEIN/prosite2021_04.meme	PS00012	https://prosite.expasy.org/PS00012
54	0	1	db/motif_databases/PROTEIN/prosite2021_04.meme	PS00007	TYR_PHOSPHO_SITE_1	RXXEXXXY	8	180	1.41e-016	1.53e-013	1	db/motif_databases/PROTEIN/prosite2021_04.meme	PS00007	https://prosite.expasy.org/PS00007
55	0	1	db/motif_databases/PROTEIN/prosite2021_04.meme	PS00290	IG_MHC	FXCXAXH	7	74	1.77e-015	1.91e-012	1	db/motif_databases/PROTEIN/prosite2021_04.meme	PS00290	https://prosite.expasy.org/PS00290
56	1	43	STREME	48-DGAQWKGAEESDG	STREME-48	48-DGAQWKGAEESDG	13	45	9.72e-013	1.19e+000	1	db/motif_databases/PROTEIN/prosite2021_04.meme	PS01262 (IF1A)	https://prosite.expasy.org/PS01262
57	0	42	STREME	47-GELAPSDPQKKRGRRKL	STREME-47	47-GELAPSDPQKKRGRRKL	17	75	1.94e-012	2.18e-001	1	db/motif_databases/PROTEIN/prosite2021_04.meme	PS00749 (F_ACTIN_CAPPING_A_2)	https://prosite.expasy.org/PS00749
58	1	44	STREME	45-AAETPPEASR	STREME-45	45-AAETPPEASR	10	80	1.29e-011	3.44e-002	1	db/motif_databases/PROTEIN/prosite2021_04.meme	PS00961 (RIBOSOMAL_S28E)	https://prosite.expasy.org/PS00961
59	0	40	MEME	ASPKGGRPEEDETE	MEME-50	ASPKGGRPEEDETE	14	17	3.09e-011	1.30e-010	1	db/motif_databases/PROTEIN/prosite2021_04.meme	PS01349 (NODA)	https://prosite.expasy.org/PS01349
60	1	45	MEME	ETDNPAAAQL	MEME-42	ETDNPAAAQL	10	36	1.23e-010	1.70e-074	1	db/motif_databases/PROTEIN/prosite2021_04.meme	PS01091 (TATD_3)	https://prosite.expasy.org/PS01091
61	0	2	db/motif_databases/PROTEIN/prosite2021_04.meme	PS00029	LEUCINE_ZIPPER	LXXXXXXLXXXXXXLXXXXXXL	22	91	6.77e-009	7.31e-006	1	db/motif_databases/PROTEIN/prosite2021_04.meme	PS00029	https://prosite.expasy.org/PS00029
62	1	46	db/motif_databases/PROTEIN/prosite2021_04.meme	PS00001	ASN_GLYCOSYLATION	NXSX	4	199	2.71e-007	2.93e-004	1	db/motif_databases/PROTEIN/prosite2021_04.meme	PS00001	https://prosite.expasy.org/PS00001
63	1	47	db/motif_databases/PROTEIN/prosite2021_04.meme	PS00004	CAMP_PHOSPHO_SITE	RRXS	4	196	2.94e-007	3.18e-004	1	db/motif_databases/PROTEIN/prosite2021_04.meme	PS00004	https://prosite.expasy.org/PS00004
64	0	21	MEME	QVHNGEVESNQQEIGNSQQTGEKSVPENGD	MEME-37	QVHNGEVESNQQEIGNSQQTGEKSVPENGD	30	18	9.87e-007	9.80e-189	1	db/motif_databases/PROTEIN/prosite2021_04.meme	PS00572 (GLYCOSYL_HYDROL_F1_1)	https://prosite.expasy.org/PS00572
65	1	48	MEME	CTITDLKGRQRSENEPSGP	MEME-44	CTITDLKGRQRSENEPSGP	19	13	3.93e-006	3.90e-047	1	db/motif_databases/PROTEIN/prosite2021_04.meme	PS00831 (RIBOSOMAL_L27)	https://prosite.expasy.org/PS00831
66	1	49	db/motif_databases/PROTEIN/prosite2021_04.meme	PS00046	HISTONE_H2A	AGLXFPV	7	15	3.13e-005	3.38e-002	1	db/motif_databases/PROTEIN/prosite2021_04.meme	PS00046	https://prosite.expasy.org/PS00046
67	0	34	MEME	DASHLNATPLLSQEEALLPWGEMERISYFP	MEME-36	DASHLNATPLLSQEEALLPWGEMERISYFP	30	14	6.25e-005	1.50e-208	1	MEME	DASHLNATPLLSQEEALLPWGEMERISYFP	 
67	1	50	MEME	PEAQNLKDQESNEESTSLD	MEME-39	PEAQNLKDQESNEESTSLD	19	14	6.25e-005	2.20e-108	1	MEME	PEAQNLKDQESNEESTSLD	 
67	1	51	MEME	SLTSMRPSPARRVSKKAAD	MEME-40	SLTSMRPSPARRVSKKAAD	19	14	6.25e-005	1.20e-094	1	MEME	SLTSMRPSPARRVSKKAAD	 
67	1	52	MEME	RSGNLHPLPQ	MEME-45	RSGNLHPLPQ	10	13	6.25e-005	2.20e-039	1	MEME	RSGNLHPLPQ	 
68	1	53	MEME	KQTMVFSFLWHRASCVQDNRVYMRPNQQSL	MEME-35	KQTMVFSFLWHRASCVQDNRVYMRPNQQSL	30	13	1.25e-004	5.20e-222	1	db/motif_databases/PROTEIN/prosite2021_04.meme	PS00663 (VINCULIN_1)	https://prosite.expasy.org/PS00663
68	1	54	MEME	MMPSNTNTNPALEEGVETQMNDEQPE	MEME-38	MMPSNTNTNPALEEGVETQMNDEQPE	26	13	1.25e-004	8.00e-174	1	db/motif_databases/PROTEIN/prosite2021_04.meme	PS00909 (MR_MLE_2)	https://prosite.expasy.org/PS00909
68	0	38	MEME	MLSNGTILNTSNPDPDTD	MEME-46	MLSNGTILNTSNPDPDTD	18	13	1.25e-004	2.00e-038	1	db/motif_databases/PROTEIN/prosite2021_04.meme	PS00138 (SUBTILASE_SER)	https://prosite.expasy.org/PS00138
69	0	11	MEME	ESMLENGRCTLSDDSDDQD	MEME-51	ESMLENGRCTLSDDSDDQD	19	7	9.93e-004	4.10e-009	1	db/motif_databases/PROTEIN/prosite2021_04.meme	PS00572 (GLYCOSYL_HYDROL_F1_1)	https://prosite.expasy.org/PS00572
70	0	21	MEME	VPNGEVEAPRVQLKPETPPPERGSPEPTPR	MEME-49	VPNGEVEAPRVQLKPETPPPERGSPEPTPR	30	8	3.96e-003	1.10e-013	1	db/motif_databases/PROTEIN/prosite2021_04.meme	PS01067 (SECE_SEC61G)	https://prosite.expasy.org/PS01067
71	1	55	MEME	LYDSPADGFL	MEME-53	LYDSPADGFL	10	6	1.58e-002	2.50e-006	1	MEME	LYDSPADGFL	 
72	0	7	MEME	WLTPPGALLGAGAQRRRWWWWQRGPSRCQA	MEME-52	WLTPPGALLGAGAQRRRWWWWQRGPSRCQA	30	2	2.51e-001	2.10e-007	1	db/motif_databases/PROTEIN/prosite2021_04.meme	PS00831 (RIBOSOMAL_L27)	https://prosite.expasy.org/PS00831
														
# XSTREME (Motif Discovery and Enrichment Analysis): Version 5.5.7 released on Wed Jun 19 13:59:04 2024 -0700														
# The format of this file is described at https://meme-suite.org/meme/doc/xstreme-output-format.html														
# xstreme --oc . --time 240 --streme-totallength 4000000 --meme-searchsize 100000 --protein --evt 0.05 --minw 10 --maxw 30 --align center --meme-mod zoops --sea-noseqs --m db/motif_databases/PROTEIN/prosite2021_04.meme --p DNMT3A_FASTAseqs.txt														
